<?xml version="1.0" encoding="UTF-8" ?>
<rss version="2.0">

	<channel>
<title>
Text Spares
          </title>
<link>
 http://www.textspares.co.uk/
          </link>
	<description>
	Used Car Parts | Car Spares | Mitsubishi Car Parts | Mazda Car Parts | Car Salvage 
</description>
<lastBuildDate>
Wed, 2 Jul 2008 13:10:00 GMT

          </lastBuildDate>
	<item>
<title>
Used Car Parts
</title>

	<guid>

    http://www.textspares.co.uk/partrequest.php
            
</guid>

	<description>
Text Spares are the premier dealers in used car parts in the United Kingdom. Whether it is Mazda, Mercedes or Audi, Text Spares has a comprehensive selection of used car spare parts. Choose Text Spares UK for total car maintenance solutions.
</description>
<pubDate>
Wed, 2 Jul 2008 13:10:00 GMT

            </pubDate>
</item>

	<item>
<title>
Car Spares
</title>

	<guid>

   http://www.textspares.co.uk/Details/2544/Car-Spares
            
</guid>

	<description>
Text Spares provides car spares for almost all models available in the United Kingdom. 
</description>
<pubDate>
Wed, 2 Jul 2008 13:10:00 GMT

            </pubDate>
</item>

	<item>
<title>
Car Parts
</title>

	<guid>

   http://www.textspares.co.uk/MakeDetails/2552/Car-Parts
            
</guid>

	<description>
Text Spares are the number one car parts dealers in the United Kingdom, with a large clientele built over the years. 
</description>
<pubDate>
Wed, 2 Jul 2008 13:10:00 GMT

            </pubDate>
</item>

	<item>
<title>
Mitsubishi Car Parts
</title>

	<guid>

   http://www.textspares.co.uk/MakeDetails/1596/Mitsubishi
            
</guid>

	<description>
At Text Spares you will find genuine Mitsubishi car parts at the most competitive rates. 
</description>
<pubDate>
Wed, 2 Jul 2008 13:10:00 GMT

            </pubDate>
</item>

	<item>
<title>
Mazda Car Parts
</title>

	<guid>

   http://www.textspares.co.uk/MakeDetails/1210/Mazda
            
</guid>

	<description>
If you want Mazda car parts for your Mazda, be sure to check out the inventory of Mazda car parts at Text Spares. 
</description>
<pubDate>
Wed, 2 Jul 2008 13:10:00 GMT

            </pubDate>
</item>

	<item>
<title>
Car Salvage
</title>

	<guid>

  http://www.textspares.co.uk/Details/2542/Car-Salvage
            
</guid>

	<description>
Text Spares can provide car salvage options which will help make your car as good as new using spare parts. 
</description>
<pubDate>
Wed, 2 Jul 2008 13:10:00 GMT

            </pubDate>
</item>

</channel>
</rss>

